APEX1,CARM1
APEX1,CBFA2T2
APEX1,DEK
APEX1,HMGN1
APEX1,JUP
APEX1,LMO2
APEX1,LZTS1
APEX1,MLXIPL
APEX1,NONO
APEX1,NOTCH3
APEX1,PCNA
APEX1,POLR2I
APEX1,RGS9
APEX1,RPS3
APEX1,SNRPB
CDX2,CDX2
CDX2,ELF3
CDX2,ESRRG
CDX2,ETS1
CDX2,FOXA2
CDX2,FOXQ1
CDX2,GADD45A
CDX2,GATA6
CDX2,HES1
CDX2,HOXA3
CDX2,ID1
CDX2,JUN
CDX2,LMO4
CDX2,MNX1
CDX2,MYCN
CDX2,MYT1
CDX2,NFATC2
CDX2,NFE2L2
CDX2,NOTCH2
CDX2,NR2F2
CDX2,NR3C1
CDX2,NR6A1
CDX2,PAM
CDX2,RGS7
CDX2,SALL4
CDX2,SMARCA2
CDX2,SMYD3
CDX2,SOX4
CDX2,SOX6
CDX2,YAP1
CDX2,ZFP36L2
CDX2,ZNF608
CHD7,EEF1A1
CHD7,FLNA
CHD7,HMGB1
CHD7,HOXA1
CHD7,HOXA3
DACH1,CBX3
DACH1,CDCA7
DACH1,CHD1L
DACH1,CSRP2
DACH1,DDX5
DACH1,DUSP1
DACH1,DYNLL1
DACH1,EEF1A1
DACH1,ENO1
DACH1,EPAS1
DACH1,FOXA3
DACH1,FOXQ1
DACH1,GLI3
DACH1,H1FX
DACH1,HDAC2
DACH1,HES1
DACH1,HIPK2
DACH1,HIST2H2BE
DACH1,HMGA1
DACH1,HMGA2
DACH1,HNRNPAB
DACH1,ID1
DACH1,ILF2
DACH1,ILF3
DACH1,MAZ
DACH1,MCM2
DACH1,MXD4
DACH1,NFE2L3
DACH1,NOTCH1
DACH1,NPM1
DACH1,POLR2L
DACH1,PTBP1
DACH1,PTMA
DACH1,SMARCA2
DACH1,SSBP2
DACH1,YAP1
DACH1,ZFP36L1
DACH1,ZNF706
ELF3,AES
ELF3,AFF3
ELF3,BMP7
ELF3,CBX1
ELF3,CDCA7
ELF3,CRIP2
ELF3,CSDE1
ELF3,DEK
ELF3,FOS
ELF3,FOXJ1
ELF3,FUS
ELF3,GATA4
ELF3,HMGA1
ELF3,HMGA2
ELF3,MCM2
ELF3,PCBP4
ELF3,PCNA
ELF3,PLXNB2
ELF3,POLR2I
ELF3,PROX1
ELF3,RBPMS
ELF3,THRB
ETS1,AMOT
ETS1,ASCL1
ETS1,BMP7
ETS1,BTBD11
ETS1,CARM1
ETS1,CASZ1
ETS1,CBFA2T2
ETS1,CBX1
ETS1,CBX2
ETS1,CBX5
ETS1,CDX2
ETS1,CELF3
ETS1,CRIP2
ETS1,CSDE1
ETS1,CTBP2
ETS1,CTNND1
ETS1,DEK
ETS1,DEPTOR
ETS1,DUT
ETS1,EEF1A1
ETS1,ELL2
ETS1,ETS1
ETS1,ETS2
ETS1,ETV4
ETS1,EZH2
ETS1,FOS
ETS1,FOXA1
ETS1,FOXA2
ETS1,FUS
ETS1,GADD45A
ETS1,GATA4
ETS1,GATA6
ETS1,H1FX
ETS1,HES1
ETS1,HES6
ETS1,HHEX
ETS1,HIPK3
ETS1,HIST2H2BE
ETS1,HNRNPC
ETS1,HNRNPR
ETS1,HOXA1
ETS1,ID2
ETS1,ID3
ETS1,ILF3
ETS1,INSM1
ETS1,IRX1
ETS1,JARID2
ETS1,JUP
ETS1,LCORL
ETS1,LDB2
ETS1,LMO2
ETS1,LMO3
ETS1,LMX1B
ETS1,LRRFIP1
ETS1,LZTS1
ETS1,MCM2
ETS1,MCM3
ETS1,MCM4
ETS1,MCM6
ETS1,MDFI
ETS1,MXD4
ETS1,MYCN
ETS1,MYOCD
ETS1,NFE2L2
ETS1,NOTCH2
ETS1,NR2F2
ETS1,NR3C1
ETS1,NR6A1
ETS1,PCBD1
ETS1,PCBP4
ETS1,PDX1
ETS1,PHF21B
ETS1,PKNOX2
ETS1,POLR2I
ETS1,PTBP1
ETS1,PTMA
ETS1,PTTG1
ETS1,RAD21
ETS1,RBPJ
ETS1,RFX3
ETS1,RNF24
ETS1,RPA1
ETS1,RPL7
ETS1,RPS3
ETS1,RUFY3
ETS1,RUNX1T1
ETS1,SAP30
ETS1,SMARCD1
ETS1,SNRPB
ETS1,SOX11
ETS1,SSBP3
ETS1,STAT1
ETS1,TEAD2
ETS1,TFDP2
ETS1,THRB
ETS1,TRIM9
ETS1,UBE2I
ETS1,YAP1
ETS1,YBX1
ETS1,ZFP36L1
ETS1,ZNF608
ETS1,ZYX
ETS1,INS
ETS2,BEX1
ETS2,BTG2
ETS2,CDX2
ETS2,CELF3
ETS2,CSDE1
ETS2,GATA4
ETS2,HMGN1
ETS2,HOXA1
ETS2,ID2
ETS2,KLF5
ETS2,LCORL
ETS2,LMO2
ETS2,NEUROG3
ETS2,NFATC4
ETS2,NOTCH3
ETS2,NR3C1
ETS2,PCBP4
ETS2,PLXNC1
ETS2,PSIP1
ETS2,PTMA
ETS2,RARA
ETS2,RGS7
ETS2,SIX2
ETS2,SOX4
ETS2,SSBP2
ETS2,SUPT16H
ETS2,TIMELESS
ETS2,TRIM9
ETS2,YAP1
ETS2,ZNF608
ETV4,AFF3
ETV4,AMOT
ETV4,BMP7
ETV4,BTBD11
ETV4,BTBD3
ETV4,CBX5
ETV4,CDX2
ETV4,CRABP2
ETV4,CTBP2
ETV4,CTNND1
ETV4,ENO1
ETV4,ESRRG
ETV4,ETS2
ETV4,ETV4
ETV4,FOXA2
ETV4,FOXJ1
ETV4,FOXP2
ETV4,FOXQ1
ETV4,HMGA1
ETV4,HMGN2
ETV4,ISL1
ETV4,KLF5
ETV4,LIN28A
ETV4,LMO2
ETV4,MYBL2
ETV4,MYOCD
ETV4,NFATC4
ETV4,NFE2L3
ETV4,NR2F2
ETV4,NR6A1
ETV4,PCNA
ETV4,PHF21B
ETV4,PLXNA2
ETV4,PLXNB2
ETV4,POLR2L
ETV4,POU2F2
ETV4,PSIP1
ETV4,RBMX
ETV4,RFX3
ETV4,RGS9
ETV4,RNF24
ETV4,RUNX1T1
ETV4,SMARCD1
ETV4,SOX6
ETV4,SSBP4
ETV4,STAT1
ETV4,TIMELESS
ETV4,TRIM9
ETV4,UBE2I
EZH2,AES
EZH2,AFF3
EZH2,ASCL1
EZH2,BACH2
EZH2,BMP7
EZH2,BTBD11
EZH2,CASZ1
EZH2,CBFA2T3
EZH2,CDKN1C
EZH2,CDX2
EZH2,CTDSPL
EZH2,DACH1
EZH2,DEPTOR
EZH2,ETS1
EZH2,FLNA
EZH2,FOSL2
EZH2,FOXA1
EZH2,FOXA2
EZH2,FOXP2
EZH2,FOXQ1
EZH2,GATA4
EZH2,GATA6
EZH2,HES6
EZH2,HEY1
EZH2,HMGA2
EZH2,HOXA3
EZH2,ID3
EZH2,ID4
EZH2,INSM1
EZH2,IRX1
EZH2,IRX2
EZH2,JARID2
EZH2,JUN
EZH2,LHX1
EZH2,LIN28A
EZH2,LMO2
EZH2,LMX1B
EZH2,MAFB
EZH2,MCM2
EZH2,MEIS1
EZH2,MLXIPL
EZH2,MNX1
EZH2,NEUROG3
EZH2,NFATC2
EZH2,NOTCH1
EZH2,NPAS3
EZH2,NR2F1
EZH2,NR2F2
EZH2,ONECUT2
EZH2,ONECUT3
EZH2,PHF21B
EZH2,PKNOX2
EZH2,PLXNB2
EZH2,PLXNC1
EZH2,PROX1
EZH2,RARA
EZH2,SALL4
EZH2,SIX2
EZH2,SMARCA2
EZH2,SOX11
EZH2,SOX4
EZH2,SOX9
EZH2,SSBP2
EZH2,TCF7L2
EZH2,TOX
EZH2,TRIM9
EZH2,TSHZ1
FOS,BTBD11
FOS,CASZ1
FOS,CBFA2T2
FOS,CBX2
FOS,CHD1L
FOS,CRABP2
FOS,CSDE1
FOS,ELF3
FOS,ETS1
FOS,ETS2
FOS,FOXA1
FOS,GLI3
FOS,ID1
FOS,INSM1
FOS,LMO2
FOS,LMO3
FOS,NEUROD1
FOS,NPM1
FOS,PTTG1
FOS,RBFOX2
FOS,RBMX
FOS,RBPJ
FOS,RGS9
FOS,ROR1
FOS,RPL7
FOS,RPS3
FOS,SMARCA2
FOS,SMARCD1
FOS,SMYD3
FOS,SOX9
FOS,TRIM9
FOS,UBE2I
FOS,ZNF704
FOS,ZYX
FOXA1,BEX2
FOXA1,BTBD3
FOXA1,CBFA2T2
FOXA1,CBX1
FOXA1,ELL2
FOXA1,ESRRG
FOXA1,FOS
FOXA1,FOXA3
FOXA1,FOXM1
FOXA1,ISL1
FOXA1,MBNL2
FOXA1,MLXIPL
FOXA1,MYT1
FOXA1,NEUROD1
FOXA1,NR2F2
FOXA1,NR6A1
FOXA1,PAM
FOXA1,PCNA
FOXA1,POU2F2
FOXA1,PTTG1
FOXA1,RBFOX2
FOXA1,RBPJ
FOXA1,RGS7
FOXA1,RPS3
FOXA1,SMARCA2
FOXA1,SNRPB
FOXA1,SRSF3
FOXA1,TCF3
FOXA1,TFDP2
FOXA1,ZNF704
FOXA2,AES
FOXA2,AFF1
FOXA2,AFF3
FOXA2,ANP32A
FOXA2,ARNT2
FOXA2,BACH2
FOXA2,BAZ2B
FOXA2,BMP7
FOXA2,BTBD11
FOXA2,CASZ1
FOXA2,CBFA2T2
FOXA2,CBFA2T3
FOXA2,CBX3
FOXA2,CCNA2
FOXA2,CENPK
FOXA2,CHD1L
FOXA2,CHD7
FOXA2,CTNND1
FOXA2,DEK
FOXA2,DSP
FOXA2,ELL2
FOXA2,ENO1
FOXA2,ESRRG
FOXA2,ETS2
FOXA2,ETV4
FOXA2,FOXA1
FOXA2,FOXA2
FOXA2,FOXJ1
FOXA2,FOXP2
FOXA2,FOXQ1
FOXA2,GATA4
FOXA2,GATA6
FOXA2,GLI3
FOXA2,GTF2I
FOXA2,HES1
FOXA2,HHEX
FOXA2,HIF1A
FOXA2,HIPK2
FOXA2,HIPK3
FOXA2,ID1
FOXA2,ID3
FOXA2,ILF3
FOXA2,JUP
FOXA2,KDM5B
FOXA2,KLF5
FOXA2,LCOR
FOXA2,LCORL
FOXA2,LGR4
FOXA2,LRRFIP1
FOXA2,MAZ
FOXA2,MBNL2
FOXA2,MLLT1
FOXA2,MLXIPL
FOXA2,MNX1
FOXA2,MYOCD
FOXA2,MYT1
FOXA2,NEUROG3
FOXA2,NFATC2
FOXA2,NFE2L2
FOXA2,NOTCH1
FOXA2,NPAS3
FOXA2,NR2F2
FOXA2,NR6A1
FOXA2,PDLIM1
FOXA2,PDX1
FOXA2,PLXNA2
FOXA2,PLXNB2
FOXA2,PLXNC1
FOXA2,PNRC1
FOXA2,POLR2I
FOXA2,POU2F2
FOXA2,PROX1
FOXA2,RAD21
FOXA2,RARA
FOXA2,RBPJ
FOXA2,RBPMS
FOXA2,RFX6
FOXA2,RGS7
FOXA2,RNF24
FOXA2,RUFY3
FOXA2,SAP30
FOXA2,SFPQ
FOXA2,SMARCA1
FOXA2,SMYD3
FOXA2,SNRPB
FOXA2,SOX6
FOXA2,SOX9
FOXA2,SRSF5
FOXA2,STAT1
FOXA2,SUPT16H
FOXA2,TBX3
FOXA2,TCF7L2
FOXA2,TIMELESS
FOXA2,TOX
FOXA2,TRIM9
FOXA2,TSC22D1
FOXA2,TSHZ1
FOXA2,YBX1
FOXA2,ZFP36L2
FOXA2,ZNF503
FOXA2,ZNF608
FOXA2,GCG
FOXA3,DACH1
FOXA3,GCG
FOXJ1,BTBD3
FOXJ1,ELF3
FOXJ1,ESPL1
FOXJ1,FOXM1
FOXJ1,LCORL
FOXJ1,LDB2
FOXJ1,MAPK3
FOXJ1,NOTCH3
FOXJ1,PAM
FOXJ1,PHF21B
FOXJ1,RFX6
FOXJ1,ROR1
FOXJ1,RUFY3
FOXJ1,RUNX1T1
FOXJ1,SRSF5
FOXJ1,TEAD2
FOXJ1,TFDP2
FOXJ1,ZNF706
FOXM1,CCNA2
FOXM1,CENPF
FOXM1,DYNLL1
FOXM1,ESPL1
FOXM1,ETV1
FOXM1,H1FX
FOXM1,HMGB2
FOXM1,MAFB
FOXM1,MIS18BP1
FOXM1,PTTG1
FOXM1,SFPQ
FOXM1,SRSF5
FOXO1,GATA6
FOXO1,ID3
FOXO1,MYCN
FOXO1,NOTCH1
FOXO1,RBP1
FOXO1,RBPMS
FOXO1,SOX6
FOXO1,TBX3
FOXO1,TOX
FOXO1,ZFP36L1
FOXP2,BACH2
FOXP2,BAZ2B
FOXP2,BMP7
FOXP2,CBX1
FOXP2,CBX6
FOXP2,CSDE1
FOXP2,CTNND1
FOXP2,DACH1
FOXP2,DEPTOR
FOXP2,EPAS1
FOXP2,ETS1
FOXP2,ETV1
FOXP2,EZH2
FOXP2,HES1
FOXP2,HIST2H2BE
FOXP2,HMGB2
FOXP2,ISL1
FOXP2,JUP
FOXP2,LDB2
FOXP2,LMO2
FOXP2,LZTS1
FOXP2,MAPK3
FOXP2,MCM4
FOXP2,MEIS1
FOXP2,MYT1
FOXP2,NFATC2
FOXP2,NFE2L3
FOXP2,NOTCH2
FOXP2,NR2F1
FOXP2,NR3C1
FOXP2,PLXNA2
FOXP2,PNRC1
FOXP2,PTTG1
FOXP2,RAD21
FOXP2,RBFOX2
FOXP2,RBPJ
FOXP2,RNF24
FOXP2,RUNX1T1
FOXP2,SAP30
FOXP2,SMARCA1
FOXP2,TFDP2
FOXP2,UHRF1
FOXP2,ZFP36L1
FOXP2,ZNF704
GATA4,AFF1
GATA4,APEX1
GATA4,BTBD3
GATA4,CASZ1
GATA4,CCNA2
GATA4,CRIP2
GATA4,CSRP2
GATA4,CTNND1
GATA4,DDX5
GATA4,ESRRG
GATA4,ETV4
GATA4,EZH2
GATA4,FOS
GATA4,FOSL2
GATA4,FOXP2
GATA4,GATA4
GATA4,H1FX
GATA4,HES1
GATA4,HIPK2
GATA4,HIPK3
GATA4,HMGN1
GATA4,HNRNPC
GATA4,HOXA3
GATA4,ID2
GATA4,ID3
GATA4,KHDRBS1
GATA4,LRRFIP1
GATA4,MAZ
GATA4,MBNL2
GATA4,MCM7
GATA4,MLXIPL
GATA4,MYBL2
GATA4,NR3C1
GATA4,PAM
GATA4,PBX1
GATA4,PDLIM1
GATA4,PKNOX2
GATA4,RAD54L
GATA4,RARB
GATA4,RBPJ
GATA4,RCOR2
GATA4,RUFY3
GATA4,RUNX1T1
GATA4,SMARCD1
GATA4,SMYD3
GATA4,SOX6
GATA4,STAT1
GATA4,TBX3
GATA4,TOP2B
GATA4,UBE2I
GATA4,UHRF1
GATA4,YAP1
GATA6,AFF3
GATA6,ANP32A
GATA6,CASZ1
GATA6,CENPF
GATA6,ETV1
GATA6,FOXM1
GATA6,FOXO1
GATA6,FUS
GATA6,HMGB1
GATA6,ISL1
GATA6,LGR4
GATA6,MBNL2
GATA6,NFE2L2
GATA6,PAM
GATA6,RAD21
GATA6,RBFOX2
GATA6,RBPMS
GATA6,RGS7
GATA6,RUNX1T1
GATA6,SMYD3
GATA6,SND1
GATA6,SOX6
GATA6,TRIM9
GATA6,TSC22D1
GATA6,GCG
GTF2I,FOS
GTF2I,NPM1
GTF2I,SIX2
HIF1A,BTG2
HIF1A,CARM1
HIF1A,CBX5
HIF1A,CSDE1
HIF1A,CTNND1
HIF1A,DSP
HIF1A,DYNLL1
HIF1A,ELF3
HIF1A,ELL2
HIF1A,ENO1
HIF1A,ETV1
HIF1A,EZH2
HIF1A,FLNA
HIF1A,FOS
HIF1A,GATA6
HIF1A,HEY1
HIF1A,HMGA2
HIF1A,HMGB1
HIF1A,HNRNPD
HIF1A,HNRNPR
HIF1A,ID2
HIF1A,ILF3
HIF1A,IRX1
HIF1A,JUP
HIF1A,KHDRBS1
HIF1A,MCM2
HIF1A,MCM6
HIF1A,MYBL2
HIF1A,MYOCD
HIF1A,NOTCH3
HIF1A,NR6A1
HIF1A,PCBD1
HIF1A,PHF21B
HIF1A,PNRC1
HIF1A,RBP1
HIF1A,RBPJ
HIF1A,RPS3
HIF1A,SAP30
HIF1A,SOX4
HIF1A,SRSF5
HIF1A,TEAD2
HIF1A,ZFP36L1
HMGA1,ATOH7
HMGA1,BTBD11
HMGA1,CASZ1
HMGA1,CENPK
HMGA1,CTNND1
HMGA1,DAB2
HMGA1,DUSP1
HMGA1,DUT
HMGA1,ESRRG
HMGA1,ETV1
HMGA1,FOXP2
HMGA1,GTF2I
HMGA1,HIF1A
HMGA1,HIPK2
HMGA1,HNRNPR
HMGA1,ID3
HMGA1,KDM1A
HMGA1,LGR4
HMGA1,LMO3
HMGA1,LMO4
HMGA1,MBNL2
HMGA1,MCM3
HMGA1,MCM6
HMGA1,MEIS1
HMGA1,NR3C1
HMGA1,PAM
HMGA1,PCNA
HMGA1,POU2F2
HMGA1,POU3F4
HMGA1,PSIP1
HMGA1,RAD21
HMGA1,RBMX
HMGA1,RUFY3
HMGA1,SOX6
HMGA1,SRSF2
HMGA1,SRSF3
ISL1,ISL1
ISL1,PDX1
ISL1,GCG
ISL1,INS
JARID2,AFF3
JARID2,ASCL1
JARID2,BMP7
JARID2,BTBD11
JARID2,CASZ1
JARID2,CBFA2T3
JARID2,CDKN1C
JARID2,CDX2
JARID2,CTDSPL
JARID2,DACH1
JARID2,DSP
JARID2,EPAS1
JARID2,ETV4
JARID2,FOXA1
JARID2,FOXA2
JARID2,FOXP2
JARID2,FOXQ1
JARID2,GATA4
JARID2,GATA6
JARID2,HMGA2
JARID2,HOXA3
JARID2,INSM1
JARID2,IRX1
JARID2,IRX2
JARID2,ISL1
JARID2,JUN
JARID2,LHX1
JARID2,LMO2
JARID2,LMO4
JARID2,LMX1B
JARID2,LRRFIP1
JARID2,MAFB
JARID2,MEIS1
JARID2,MNX1
JARID2,NPAS3
JARID2,NR2F1
JARID2,NR2F2
JARID2,ONECUT2
JARID2,ONECUT3
JARID2,PKNOX2
JARID2,PLXNC1
JARID2,PROX1
JARID2,RARA
JARID2,RUNX1T1
JARID2,SIX2
JARID2,SMARCA2
JARID2,SOX11
JARID2,SOX4
JARID2,SOX6
JARID2,SOX9
JARID2,SSBP2
JARID2,THRB
JARID2,TRIM9
JARID2,TSHZ1
JUN,ABL1
JUN,AFF3
JUN,AMOT
JUN,BTBD11
JUN,BTG2
JUN,CASZ1
JUN,CBFA2T2
JUN,CBX3
JUN,CBX6
JUN,CCNA2
JUN,CHD1L
JUN,CRABP2
JUN,CSRP2
JUN,CTBP2
JUN,CTNND1
JUN,DAB2
JUN,DEK
JUN,DUSP1
JUN,EEF1A1
JUN,ELF3
JUN,ELL2
JUN,ENO1
JUN,EPAS1
JUN,ESPL1
JUN,ETS1
JUN,ETS2
JUN,ETV1
JUN,EZH2
JUN,FOSL2
JUN,FOXA1
JUN,FOXA3
JUN,FOXP2
JUN,GADD45A
JUN,GATA6
JUN,GLI3
JUN,HEY1
JUN,HHEX
JUN,HIPK2
JUN,HMGA1
JUN,HMGN1
JUN,HNRNPD
JUN,ID2
JUN,ID4
JUN,ILF2
JUN,ILF3
JUN,IRX1
JUN,JUN
JUN,LCORL
JUN,LDB2
JUN,LIN28A
JUN,LMO2
JUN,LRRFIP1
JUN,MAFB
JUN,MBNL2
JUN,MCM3
JUN,MCM4
JUN,MEIS1
JUN,MLLT1
JUN,NFE2L2
JUN,NFE2L3
JUN,NOTCH2
JUN,NPM1
JUN,NR6A1
JUN,ONECUT3
JUN,PCNA
JUN,PDLIM1
JUN,PKNOX2
JUN,POLR2I
JUN,POU2F2
JUN,PTBP1
JUN,PTTG1
JUN,RARB
JUN,RBMX
JUN,RBPJ
JUN,RFX3
JUN,RGS9
JUN,RPL7A
JUN,SALL4
JUN,SIX2
JUN,SMARCA2
JUN,SMYD3
JUN,SND1
JUN,SRSF5
JUN,SSBP2
JUN,SSBP4
JUN,STAT1
JUN,SUPT16H
JUN,TERF2IP
JUN,TRIM9
JUN,TSC22D1
JUN,UBE2I
JUN,UHRF1
JUN,ZNF706
JUN,ZYX
JUN,GCG
JUN,INS
JUN,ISL1
KDM5B,AFF1
KDM5B,AFF3
KDM5B,ASCC3
KDM5B,BAZ2B
KDM5B,CBFA2T2
KDM5B,CBX1
KDM5B,CBX2
KDM5B,CBX3
KDM5B,CBX5
KDM5B,CCNA2
KDM5B,CDCA7
KDM5B,CDX2
KDM5B,CENPF
KDM5B,CENPK
KDM5B,CSDE1
KDM5B,CSRP2
KDM5B,CTBP2
KDM5B,CTNND1
KDM5B,DDX5
KDM5B,DEK
KDM5B,DSP
KDM5B,ELL2
KDM5B,ESPL1
KDM5B,EZH2
KDM5B,FOXA1
KDM5B,FOXA2
KDM5B,FOXP2
KDM5B,FUS
KDM5B,GATA4
KDM5B,GATA6
KDM5B,HES1
KDM5B,HHEX
KDM5B,HIF1A
KDM5B,HIPK2
KDM5B,HMGN1
KDM5B,HMGN2
KDM5B,HNRNPA3
KDM5B,HNRNPAB
KDM5B,HNRNPC
KDM5B,HNRNPD
KDM5B,HNRNPR
KDM5B,HOXA3
KDM5B,ILF2
KDM5B,ILF3
KDM5B,IRX1
KDM5B,JARID2
KDM5B,KDM1A
KDM5B,KDM5B
KDM5B,KHDRBS1
KDM5B,KLF5
KDM5B,LCORL
KDM5B,LDB2
KDM5B,LGR4
KDM5B,LHX1
KDM5B,LMO2
KDM5B,LMX1B
KDM5B,LZTS1
KDM5B,MAFB
KDM5B,MBNL2
KDM5B,MCM3
KDM5B,MCM4
KDM5B,MCM6
KDM5B,MEIS1
KDM5B,MNX1
KDM5B,NEUROG3
KDM5B,NONO
KDM5B,NPM1
KDM5B,NR2F1
KDM5B,NR2F2
KDM5B,ONECUT2
KDM5B,ONECUT3
KDM5B,PDX1
KDM5B,PNRC1
KDM5B,POLR2I
KDM5B,PSIP1
KDM5B,RAD21
KDM5B,RARA
KDM5B,RBPMS
KDM5B,RPA1
KDM5B,SALL1
KDM5B,SAP30
KDM5B,SFPQ
KDM5B,SIX2
KDM5B,SMARCA2
KDM5B,SMYD3
KDM5B,SND1
KDM5B,SNRPB
KDM5B,SOX6
KDM5B,SOX9
KDM5B,SSBP4
KDM5B,SUPT16H
KDM5B,TBX3
KDM5B,TFDP2
KDM5B,YBX1
KLF5,AES
KLF5,ASCL1
KLF5,BMP7
KLF5,CBFA2T2
KLF5,CBFA2T3
KLF5,CDKN1C
KLF5,CRIP2
KLF5,CTNND1
KLF5,ESPL1
KLF5,EZH2
KLF5,FOS
KLF5,FOXO1
KLF5,GLI3
KLF5,HES6
KLF5,HEY1
KLF5,HMGA1
KLF5,HNRNPAB
KLF5,HNRNPC
KLF5,JARID2
KLF5,LCOR
KLF5,LRRFIP1
KLF5,MAZ
KLF5,MCM7
KLF5,MXD4
KLF5,MYBL2
KLF5,NOTCH3
KLF5,NR3C1
KLF5,PCBP4
KLF5,PCNA
KLF5,RAD54L
KLF5,RBPJ
KLF5,RFX3
KLF5,RPL7
KLF5,RPL7A
KLF5,SALL1
KLF5,SFPQ
KLF5,SOX11
KLF5,SSBP3
KLF5,TCF3
KLF5,TCF7L2
KLF5,TFDP2
KLF5,TOX
KLF5,ZNF503
LMO2,BTG2
LMO2,ELF3
LMO2,FOXA1
LMO2,GADD45A
LMO2,HHEX
LMO2,HMGA1
LMO2,KDM5B
LMO2,MCM3
LMO2,MCM6
LMO2,MLLT1
LMO2,PNRC1
LMO2,POLR2I
LMO2,SOX4
LMO2,ZFP36L2
LMO2,ZYX
MAFB,PDX1
MAFB,MAFB
MAFB,GCG
MAFB,INS
MEIS1,ABL1
MEIS1,BTG1
MEIS1,CTDSPL
MEIS1,DUSP1
MEIS1,HES1
MEIS1,HES6
MEIS1,HMGA2
MEIS1,ID1
MEIS1,ILF3
MEIS1,JARID2
MEIS1,KDM5B
MEIS1,LRRFIP1
MEIS1,MAFB
MEIS1,MLLT1
MEIS1,MLLT11
MEIS1,NOTCH3
MEIS1,POLR2I
MEIS1,RBPJ
MEIS1,RCOR2
MEIS1,SSBP2
MEIS1,SSBP3
MEIS1,TCF3
MEIS1,TOP2B
MEIS1,UBE2I
MEIS1,ZFP36L2
MEIS1,ZYX
MYBL2,AFF1
MYBL2,CBFA2T2
MYBL2,CBX1
MYBL2,CBX3
MYBL2,CBX5
MYBL2,CHD7
MYBL2,CSDE1
MYBL2,DSP
MYBL2,EEF1A1
MYBL2,EZH2
MYBL2,FOXA2
MYBL2,FOXM1
MYBL2,GATA6
MYBL2,HDAC2
MYBL2,HES1
MYBL2,HIST2H2BE
MYBL2,HMGB2
MYBL2,HOXA3
MYBL2,ID1
MYBL2,ILF3
MYBL2,INSM1
MYBL2,JARID2
MYBL2,KHDRBS1
MYBL2,KLF5
MYBL2,LHX1
MYBL2,LMX1B
MYBL2,MAFB
MYBL2,MAZ
MYBL2,MCM3
MYBL2,MCM7
MYBL2,MEIS1
MYBL2,MLLT11
MYBL2,MXD4
MYBL2,MYBL2
MYBL2,MYCN
MYBL2,NEUROD1
MYBL2,NFATC4
MYBL2,NFE2L3
MYBL2,NONO
MYBL2,NPAS3
MYBL2,NPM1
MYBL2,NR2F1
MYBL2,PCNA
MYBL2,PDLIM1
MYBL2,RBMX
MYBL2,RBPJ
MYBL2,SALL1
MYBL2,SFPQ
MYBL2,SIX2
MYBL2,SSBP3
MYBL2,TSC22D1
MYBL2,ZFP36L1
MYCN,APEX1
MYCN,BTG2
MYCN,CARM1
MYCN,CBFA2T2
MYCN,CBX5
MYCN,CCNA2
MYCN,CDX2
MYCN,CSDE1
MYCN,CTBP2
MYCN,CTNND1
MYCN,DDX5
MYCN,DUT
MYCN,DYNLL1
MYCN,EEF1A1
MYCN,EID1
MYCN,ENO1
MYCN,ESPL1
MYCN,ESRRG
MYCN,EZH2
MYCN,FOSL2
MYCN,FOXA3
MYCN,FOXM1
MYCN,FOXO1
MYCN,HDAC2
MYCN,HES1
MYCN,HHEX
MYCN,HIF1A
MYCN,HMGB2
MYCN,KHDRBS1
MYCN,LCOR
MYCN,LCORL
MYCN,LRRFIP1
MYCN,MCM3
MYCN,MCM4
MYCN,MEIS1
MYCN,MLLT1
MYCN,MLLT11
MYCN,MXD4
MYCN,MYCN
MYCN,NFATC2
MYCN,NFE2L2
MYCN,NOTCH1
MYCN,NOTCH2
MYCN,NPM1
MYCN,NR6A1
MYCN,PAM
MYCN,PCBP4
MYCN,PCNA
MYCN,PDLIM1
MYCN,PLXNC1
MYCN,POLR2I
MYCN,PTBP1
MYCN,PTMA
MYCN,RCOR2
MYCN,RNF24
MYCN,RPA1
MYCN,SAP30
MYCN,SMARCD1
MYCN,SND1
MYCN,TIMELESS
MYCN,UBE2I
MYCN,UHRF1
MYCN,YBX1
MYCN,ZFP36L2
MYCN,ZNF706
NEUROD1,INS
NEUROD1,PDX1
NEUROD1,NEUROD1
NEUROD1,GCG
NEUROG3,NEUROD1
NEUROG3,NEUROG3
NFATC2,AFF3
NFATC2,H1FX
NFE2L2,AMOT
NFE2L2,ANP32A
NFE2L2,BACH2
NFE2L2,BTBD3
NFE2L2,BTG1
NFE2L2,CBX6
NFE2L2,CTNND1
NFE2L2,DUSP1
NFE2L2,ETS1
NFE2L2,ETS2
NFE2L2,FOXA2
NFE2L2,FOXQ1
NFE2L2,HES1
NFE2L2,HHEX
NFE2L2,HIPK2
NFE2L2,IRX2
NFE2L2,KLF5
NFE2L2,LHX1
NFE2L2,MEIS1
NFE2L2,NR2F2
NFE2L2,NR3C1
NFE2L2,ONECUT3
NFE2L2,PAM
NFE2L2,PBX1
NFE2L2,PLXNA2
NFE2L2,PNRC1
NFE2L2,STAT1
NFE2L2,TCF7L2
NFE2L2,TRIM9
NFE2L2,ZYX
NOTCH1,HES1
NOTCH1,HES4
NOTCH1,JUN
NOTCH1,MAFB
NOTCH1,NR3C1
NR2F1,ASCL1
NR2F1,BTBD11
NR2F1,BTG1
NR2F1,CCNA2
NR2F1,CENPF
NR2F1,CTNND1
NR2F1,DUSP1
NR2F1,DUT
NR2F1,EID1
NR2F1,HOXA3
NR2F1,ID1
NR2F1,ISL1
NR2F1,LMO2
NR2F1,LMX1B
NR2F1,LRRFIP1
NR2F1,MLXIPL
NR2F1,ONECUT3
NR2F1,POLR2I
NR2F1,RAD21
NR2F1,RARB
NR2F1,RPL7
NR2F1,RUNX1T1
NR2F1,SNRPB
NR2F1,SSBP3
NR2F1,THRB
NR2F1,ZYX
NR3C1,AMOT
NR3C1,ASCL1
NR3C1,BEX2
NR3C1,BTBD11
NR3C1,BTBD3
NR3C1,BTG1
NR3C1,CDCA7
NR3C1,CENPF
NR3C1,CENPK
NR3C1,CTDSPL
NR3C1,DAB2
NR3C1,DUSP1
NR3C1,EID1
NR3C1,EPAS1
NR3C1,ESRRG
NR3C1,ETV1
NR3C1,FOS
NR3C1,FOXJ1
NR3C1,FOXO1
NR3C1,FOXQ1
NR3C1,H1FX
NR3C1,HIPK2
NR3C1,HMGN2
NR3C1,ID1
NR3C1,ID2
NR3C1,ID3
NR3C1,ISL1
NR3C1,LCOR
NR3C1,LIN28A
NR3C1,LMX1B
NR3C1,LZTS1
NR3C1,MAFB
NR3C1,MAPK3
NR3C1,MCM6
NR3C1,MYOCD
NR3C1,MYT1
NR3C1,NEUROD1
NR3C1,NFATC2
NR3C1,NR2F2
NR3C1,NR3C1
NR3C1,PCBD1
NR3C1,PLXNA2
NR3C1,PLXNB2
NR3C1,POLR2I
NR3C1,POU3F4
NR3C1,PROX1
NR3C1,PTTG1
NR3C1,RARA
NR3C1,RBP1
NR3C1,RBPJ
NR3C1,RFX6
NR3C1,ROR1
NR3C1,RPL7A
NR3C1,SALL1
NR3C1,SIX2
NR3C1,SMARCA2
NR3C1,SMARCD1
NR3C1,SND1
NR3C1,SNRPB
NR3C1,SSBP3
NR3C1,TBX3
NR3C1,TCF7L2
NR3C1,TOX
NR3C1,ZFP36L1
NR3C1,ZFP36L2
NR3C1,ZNF608
NR3C1,INS
PBX1,ABL1
PBX1,ANP32A
PBX1,ASCL1
PBX1,BACH2
PBX1,CBX5
PBX1,DACH1
PBX1,ESRRG
PBX1,ETV1
PBX1,FOS
PBX1,FOXA1
PBX1,HMGN1
PBX1,JUP
PBX1,KLF5
PBX1,LGR4
PBX1,LMO3
PBX1,MEIS1
PBX1,MYOCD
PBX1,PTMA
PBX1,RBMX
PBX1,RBP1
PBX1,RUNX1T1
PBX1,SALL4
PBX1,SAP30
PBX1,SFPQ
PBX1,SOX9
PBX1,TBX3
PBX1,TCF7L2
PBX1,TOX
PBX1,TSHZ1
PBX1,VTN
PBX1,YBX1
PBX1,ZYX
PDX1,CBX5
PDX1,DDX5
PDX1,ETS2
PDX1,ETV1
PDX1,FOS
PDX1,FUS
PDX1,GADD45A
PDX1,ID2
PDX1,KHDRBS1
PDX1,MCM4
PDX1,MCM7
PDX1,MYT1
PDX1,NEUROD1
PDX1,NONO
PDX1,PCNA
PDX1,PTBP1
PDX1,INS
PDX1,GCG
PDX1,PDX1
POU2F2,ABL1
POU2F2,AFF1
POU2F2,AFF3
POU2F2,ASCC3
POU2F2,ATOH7
POU2F2,BEX2
POU2F2,BTBD11
POU2F2,BTG2
POU2F2,CBFA2T3
POU2F2,CBX5
POU2F2,CBX6
POU2F2,CDCA7
POU2F2,CDX2
POU2F2,CENPF
POU2F2,CSDE1
POU2F2,DAB2
POU2F2,DSP
POU2F2,EID1
POU2F2,ELF3
POU2F2,ETS1
POU2F2,ETV1
POU2F2,FOSL2
POU2F2,FOXM1
POU2F2,FOXP2
POU2F2,GADD45A
POU2F2,HES6
POU2F2,HIST2H2BE
POU2F2,HMGA1
POU2F2,HOXA1
POU2F2,HOXA3
POU2F2,ID4
POU2F2,JARID2
POU2F2,KDM1A
POU2F2,KLF5
POU2F2,LCOR
POU2F2,LDB2
POU2F2,LGR4
POU2F2,LMO3
POU2F2,MBNL2
POU2F2,MXD4
POU2F2,MYOCD
POU2F2,NR3C1
POU2F2,NR6A1
POU2F2,PBX1
POU2F2,PCBD1
POU2F2,PCNA
POU2F2,POU3F4
POU2F2,PSIP1
POU2F2,RARB
POU2F2,RBFOX2
POU2F2,RBP1
POU2F2,RBPJ
POU2F2,RNF24
POU2F2,ROR1
POU2F2,RPL7A
POU2F2,RUNX1T1
POU2F2,SMYD3
POU2F2,SOX4
POU2F2,SOX6
POU2F2,SOX9
POU2F2,SRSF2
POU2F2,SRSF5
POU2F2,TBX3
POU2F2,TCF7L2
POU2F2,TFDP2
POU2F2,TSC22D1
POU2F2,UBE2I
POU2F2,ZNF428
RAD21,FOSL2
RAD21,FOXA1
RAD21,GADD45A
RAD21,HIPK2
RAD21,HIPK3
RAD21,ID2
RAD21,JUN
RAD21,MAFB
RAD21,MCM3
RAD21,MLLT1
RAD21,MYCN
RAD21,NFATC2
RAD21,NFATC4
RAD21,NPM1
RAD21,PDLIM1
RAD21,PKNOX2
RAD21,POU2F2
RAD21,RARB
RAD21,RBPJ
RAD21,SMYD3
RAD21,SNRPB
RAD21,SOX9
RAD21,TOX
RARA,CBX1
RARA,CBX5
RARA,CTNND1
RARA,ILF2
RARA,MCM6
RARA,MCM7
RARA,MLLT1
RARA,PAM
RARA,RBFOX2
RARA,RNF24
RARA,RPS3
RARA,SRSF5
RBPJ,ABL1
RBPJ,AFF3
RBPJ,APEX1
RBPJ,CBX5
RBPJ,CDCA7
RBPJ,CDKN1C
RBPJ,CHD7
RBPJ,CTDSPL
RBPJ,CTNND1
RBPJ,DEK
RBPJ,DUSP1
RBPJ,ESPL1
RBPJ,ETS1
RBPJ,ETV1
RBPJ,FLNA
RBPJ,FOS
RBPJ,FOSL2
RBPJ,H1FX
RBPJ,HES1
RBPJ,HEY1
RBPJ,HHEX
RBPJ,HIST2H2BE
RBPJ,HMGA1
RBPJ,HMGN1
RBPJ,IRX1
RBPJ,IRX2
RBPJ,ISL1
RBPJ,JARID2
RBPJ,JUN
RBPJ,LCORL
RBPJ,LIN28A
RBPJ,LMO3
RBPJ,MDFI
RBPJ,MLLT11
RBPJ,MNX1
RBPJ,MYOCD
RBPJ,NONO
RBPJ,NOTCH1
RBPJ,NPAS3
RBPJ,PCNA
RBPJ,PNRC1
RBPJ,PTTG1
RBPJ,RARA
RBPJ,RBMX
RBPJ,RBPJ
RBPJ,RFX6
RBPJ,RGS9
RBPJ,RPA1
RBPJ,RPL7A
RBPJ,RPS3
RBPJ,SAP30
RBPJ,SMARCA1
RBPJ,SMARCA2
RBPJ,SND1
RBPJ,SRSF3
RBPJ,SSBP4
RBPJ,STAT1
RBPJ,TEAD2
RBPJ,TFDP2
RBPJ,THRB
RBPJ,TSC22D1
RBPJ,TSHZ1
RBPJ,UHRF1
RBPJ,YAP1
RBPJ,YBX1
RBPJ,ZNF503
RBPJ,ZNF706
RBPJ,INS
RBPJ,GCG
RCOR2,AFF1
RCOR2,CBFA2T2
RCOR2,HMGB1
RCOR2,JARID2
RCOR2,LCOR
RCOR2,LMX1B
RCOR2,MYCN
RCOR2,PHF21B
RCOR2,RBPJ
RCOR2,SALL1
RCOR2,SMARCD1
SALL1,CDCA7
SALL1,EEF1A1
SALL1,RBPMS
SALL1,TIMELESS
SALL4,ABL1
SALL4,AFF3
SALL4,ANP32A
SALL4,BACH2
SALL4,BAZ2B
SALL4,BTBD11
SALL4,BTBD3
SALL4,BTG2
SALL4,CCNA2
SALL4,CDCA7
SALL4,CSDE1
SALL4,CTNND1
SALL4,DAB2
SALL4,DEK
SALL4,ELF3
SALL4,ELL2
SALL4,ENO1
SALL4,ESPL1
SALL4,ESRRG
SALL4,ETS2
SALL4,ETV1
SALL4,ETV4
SALL4,EZH2
SALL4,FOSL2
SALL4,FOXP2
SALL4,GADD45A
SALL4,GATA4
SALL4,GATA6
SALL4,GLI3
SALL4,GTF2I
SALL4,HES1
SALL4,HEY1
SALL4,HHEX
SALL4,HMGB2
SALL4,HOXA1
SALL4,HOXA3
SALL4,ID2
SALL4,ID3
SALL4,ID4
SALL4,IRX2
SALL4,ISL1
SALL4,JARID2
SALL4,KHDRBS1
SALL4,KLF5
SALL4,LMO4
SALL4,LMX1B
SALL4,LRRFIP1
SALL4,MEIS1
SALL4,MYBL2
SALL4,MYCN
SALL4,NEUROD1
SALL4,NFATC2
SALL4,NFE2L2
SALL4,NOTCH2
SALL4,NR3C1
SALL4,PAM
SALL4,PBX1
SALL4,PCBP4
SALL4,PDLIM1
SALL4,PNRC1
SALL4,PROX1
SALL4,PSIP1
SALL4,PTBP1
SALL4,PTTG1
SALL4,RAD54L
SALL4,RARB
SALL4,RBMX
SALL4,RBPMS
SALL4,RFX3
SALL4,RNF24
SALL4,ROR1
SALL4,RUFY3
SALL4,SALL1
SALL4,SALL4
SALL4,SIX2
SALL4,SMARCA2
SALL4,SMARCD1
SALL4,SOX11
SALL4,SOX4
SALL4,SSBP3
SALL4,TBX3
SALL4,TCF3
SALL4,TIMELESS
SALL4,TOP2B
SALL4,TSC22D1
SALL4,UHRF1
SALL4,YAP1
SALL4,ZFP36L1
SALL4,ZFP36L2
SALL4,ZYX
SMARCA2,ATOH7
SMARCA2,BTBD3
SMARCA2,CBX5
SMARCA2,CENPF
SMARCA2,CRABP2
SMARCA2,FOXM1
SMARCA2,FOXP2
SMARCA2,HES4
SMARCA2,HEY1
SMARCA2,HIF1A
SMARCA2,HIST2H2BE
SMARCA2,HMGB2
SMARCA2,HMGN2
SMARCA2,HNRNPAB
SMARCA2,HNRNPC
SMARCA2,ID4
SMARCA2,ILF2
SMARCA2,ILF3
SMARCA2,INSM1
SMARCA2,KLF5
SMARCA2,MAZ
SMARCA2,MYOCD
SMARCA2,PBX1
SMARCA2,PCBP4
SMARCA2,RPL7A
SMARCA2,RUNX1T1
SMARCA2,SALL4
SMARCA2,SMYD3
SMARCA2,SSBP3
SMARCA2,TBX3
SMARCA2,TEAD2
SMARCA2,UHRF1
SMARCA2,ZNF704
SND1,BEX1
SND1,CBFA2T3
SND1,CBX1
SND1,DUT
SND1,ENO1
SND1,ETS1
SND1,HES4
SND1,HIF1A
SND1,HIST2H2BE
SND1,HMGB2
SND1,HNRNPR
SND1,MBNL2
SND1,MYBL2
SND1,MYOCD
SND1,ONECUT2
SND1,PHF21B
SND1,RBPJ
SND1,RGS9
SND1,RPA1
SND1,RPL7A
SND1,RUFY3
SND1,STAT1
SND1,TFDP2
SND1,THRB
SND1,TSC22D1
SND1,UBE2I
SOX11,ANP32A
SOX11,APEX1
SOX11,BTG2
SOX11,CENPF
SOX11,CRIP2
SOX11,DEK
SOX11,ESPL1
SOX11,EZH2
SOX11,FOXA3
SOX11,FOXJ1
SOX11,HIPK3
SOX11,ID1
SOX11,ILF2
SOX11,LMO3
SOX11,LRRFIP1
SOX11,MAZ
SOX11,MEIS1
SOX11,MLLT11
SOX11,NEUROD1
SOX11,NFE2L2
SOX11,NR2F2
SOX11,ONECUT2
SOX11,PCNA
SOX11,PROX1
SOX11,RBMX
SOX11,RFX3
SOX11,RPA1
SOX11,SALL1
SOX11,SMARCA2
SOX11,TBX3
SOX11,TSC22D1
SOX11,TSHZ1
SOX11,ZNF608
SOX9,AES
SOX9,AFF3
SOX9,APEX1
SOX9,ARNT2
SOX9,BMP7
SOX9,BTBD11
SOX9,CASZ1
SOX9,CBX5
SOX9,CDKN1C
SOX9,CHD7
SOX9,CRABP2
SOX9,CRIP2
SOX9,CSDE1
SOX9,CSRP2
SOX9,CTBP2
SOX9,CTDSPL
SOX9,DSP
SOX9,DYNLL1
SOX9,ELF3
SOX9,ENO1
SOX9,ETV4
SOX9,FOS
SOX9,FOSL2
SOX9,FOXA1
SOX9,FOXA3
SOX9,FOXJ1
SOX9,FOXP2
SOX9,GATA6
SOX9,GLI3
SOX9,HES1
SOX9,HIF1A
SOX9,HMGA1
SOX9,HMGB1
SOX9,HMGN2
SOX9,HNRNPC
SOX9,ID1
SOX9,ID2
SOX9,ID4
SOX9,ILF3
SOX9,IRX2
SOX9,ISL1
SOX9,JUP
SOX9,LCORL
SOX9,LGR4
SOX9,LMO4
SOX9,LRRFIP1
SOX9,MBNL2
SOX9,MCM2
SOX9,MCM7
SOX9,MDFI
SOX9,MEIS1
SOX9,MXD4
SOX9,NEUROG3
SOX9,NOTCH2
SOX9,NR2F2
SOX9,PBX1
SOX9,PDX1
SOX9,PKNOX2
SOX9,PLXNA2
SOX9,PLXNB2
SOX9,POLR2I
SOX9,PTBP1
SOX9,PTMA
SOX9,RBP1
SOX9,RFX3
SOX9,RPL7
SOX9,RPL7A
SOX9,RUNX1T1
SOX9,SMARCA2
SOX9,SMYD3
SOX9,SND1
SOX9,SOX6
SOX9,SUPT16H
SOX9,TCF3
SOX9,TCF7L2
SOX9,TERF2IP
SOX9,TOP2B
SOX9,ZFP36L2
STAT1,AMOT
STAT1,ASCL1
STAT1,BTBD3
STAT1,CBX5
STAT1,CRABP2
STAT1,CRIP2
STAT1,CTBP2
STAT1,CTNND1
STAT1,DSP
STAT1,ELL2
STAT1,ENO1
STAT1,ETV1
STAT1,FOSL2
STAT1,FOXA2
STAT1,FOXJ1
STAT1,GATA6
STAT1,HES4
STAT1,HMGA1
STAT1,HMGB1
STAT1,HNRNPC
STAT1,HNRNPR
STAT1,KHDRBS1
STAT1,LCOR
STAT1,LIN28A
STAT1,LMX1B
STAT1,MCM2
STAT1,PBX1
STAT1,PCBD1
STAT1,PNRC1
STAT1,PSIP1
STAT1,PTBP1
STAT1,RAD21
STAT1,RAD54L
STAT1,RBFOX2
STAT1,SALL1
STAT1,SMARCA2
STAT1,STAT1
STAT1,TCF7L2
STAT1,TEAD2
STAT1,TIMELESS
STAT1,YAP1
TBX3,ANP32A
TBX3,ATOH7
TBX3,BTBD11
TBX3,BTG1
TBX3,CASZ1
TBX3,CTBP2
TBX3,ETS1
TBX3,EZH2
TBX3,FOXO1
TBX3,ID2
TBX3,ID3
TBX3,JARID2
TBX3,KHDRBS1
TBX3,KLF5
TBX3,LMX1B
TBX3,MCM2
TBX3,MYBL2
TBX3,MYCN
TBX3,NFATC4
TBX3,NPAS3
TBX3,NR2F2
TBX3,RFX3
TBX3,SALL1
TBX3,SALL4
TBX3,SOX4
TBX3,SOX6
TBX3,SOX9
TBX3,TOX
TCF3,AES
TCF3,ANP32A
TCF3,ARNT2
TCF3,BACH2
TCF3,BAZ2B
TCF3,BMP7
TCF3,BTBD11
TCF3,BTBD3
TCF3,BTG1
TCF3,CBX1
TCF3,CBX3
TCF3,CBX5
TCF3,CDCA7
TCF3,CDKN1C
TCF3,CDX2
TCF3,CHD1L
TCF3,CHD7
TCF3,CRIP2
TCF3,CTBP2
TCF3,DACH1
TCF3,DEK
TCF3,DUSP1
TCF3,DYNLL1
TCF3,ELF3
TCF3,ELL2
TCF3,ENO1
TCF3,ETS1
TCF3,ETV1
TCF3,ETV4
TCF3,EZH2
TCF3,FLNA
TCF3,FOS
TCF3,FOSL2
TCF3,FOXA1
TCF3,FOXA2
TCF3,FOXJ1
TCF3,FOXQ1
TCF3,GADD45A
TCF3,GATA6
TCF3,HES1
TCF3,HES6
TCF3,HEY1
TCF3,HIF1A
TCF3,HIST2H2BE
TCF3,HMGA2
TCF3,HMGN2
TCF3,HOXA1
TCF3,HOXA3
TCF3,ID1
TCF3,ID3
TCF3,INSM1
TCF3,IRX1
TCF3,IRX2
TCF3,JARID2
TCF3,JUN
TCF3,KHDRBS1
TCF3,KLF5
TCF3,LCOR
TCF3,LGR4
TCF3,LMO3
TCF3,LMO4
TCF3,LMX1B
TCF3,LRRFIP1
TCF3,MAFB
TCF3,MCM2
TCF3,MEIS1
TCF3,MLLT11
TCF3,MXD4
TCF3,MYBL2
TCF3,MYCN
TCF3,NEUROD1
TCF3,NFATC2
TCF3,NFE2L2
TCF3,NOTCH1
TCF3,NOTCH2
TCF3,NR2F1
TCF3,NR2F2
TCF3,NR6A1
TCF3,ONECUT2
TCF3,ONECUT3
TCF3,PCBP4
TCF3,PDLIM1
TCF3,PKNOX2
TCF3,PLXNA2
TCF3,PNRC1
TCF3,PROX1
TCF3,PTBP1
TCF3,PTMA
TCF3,RCOR2
TCF3,RFX3
TCF3,ROR1
TCF3,SALL4
TCF3,SAP30
TCF3,SFPQ
TCF3,SMARCA2
TCF3,SMARCD1
TCF3,SOX11
TCF3,SOX4
TCF3,SOX6
TCF3,SSBP3
TCF3,STAT1
TCF3,TBX3
TCF3,TCF3
TCF3,TCF7L2
TCF3,TOP2B
TCF3,UBE2I
TCF3,UHRF1
TCF3,YBX1
TCF3,ZFP36L1
TCF3,ZFP36L2
TCF7L2,AFF1
TCF7L2,BACH2
TCF7L2,CTBP2
TCF7L2,DUT
TCF7L2,ENO1
TCF7L2,GADD45A
TCF7L2,HIPK2
TCF7L2,LMO4
TCF7L2,PBX1
TCF7L2,ROR1
TCF7L2,SOX6
TCF7L2,SSBP3
TCF7L2,TOX
TCF7L2,ZNF503
TEAD2,AES
TEAD2,AFF1
TEAD2,APC2
TEAD2,ASCL1
TEAD2,BMP7
TEAD2,BTBD3
TEAD2,BTG2
TEAD2,CBFA2T3
TEAD2,CBX3
TEAD2,CBX5
TEAD2,CBX6
TEAD2,CELF3
TEAD2,CRABP2
TEAD2,CRIP2
TEAD2,CTBP2
TEAD2,CTDSPL
TEAD2,DAB2
TEAD2,DEK
TEAD2,DUT
TEAD2,ESRRG
TEAD2,ETV4
TEAD2,EZH2
TEAD2,FLNA
TEAD2,FOS
TEAD2,FOSL2
TEAD2,FOXA1
TEAD2,FOXA2
TEAD2,FOXA3
TEAD2,FOXP2
TEAD2,FUS
TEAD2,GADD45A
TEAD2,GATA6
TEAD2,GLI3
TEAD2,GTF2I
TEAD2,HES4
TEAD2,HES6
TEAD2,HMGA1
TEAD2,HMGA2
TEAD2,HMGB2
TEAD2,HMGN2
TEAD2,HNRNPA3
TEAD2,ID2
TEAD2,IRX2
TEAD2,JARID2
TEAD2,JUN
TEAD2,KHDRBS1
TEAD2,LCORL
TEAD2,LDB2
TEAD2,LIN28A
TEAD2,LMO2
TEAD2,LMO4
TEAD2,LMX1B
TEAD2,LRRFIP1
TEAD2,MAFB
TEAD2,MAPK3
TEAD2,MAZ
TEAD2,MCM7
TEAD2,MYCN
TEAD2,NEUROD1
TEAD2,NFATC2
TEAD2,NFATC4
TEAD2,NFE2L2
TEAD2,NOTCH3
TEAD2,NPAS3
TEAD2,NR2F1
TEAD2,NR2F2
TEAD2,NR3C1
TEAD2,PCBP4
TEAD2,PCNA
TEAD2,PLXNC1
TEAD2,POLR2L
TEAD2,POU2F2
TEAD2,POU3F4
TEAD2,PROX1
TEAD2,PSIP1
TEAD2,PTBP1
TEAD2,PTMA
TEAD2,RAD21
TEAD2,RBPMS
TEAD2,RFX3
TEAD2,RUNX1T1
TEAD2,SALL1
TEAD2,SMARCA1
TEAD2,SOX11
TEAD2,SSBP2
TEAD2,SSBP3
TEAD2,SUPT16H
TEAD2,TBX3
TEAD2,TCF3
TEAD2,TCF7L2
TEAD2,TSC22D1
TEAD2,UBE2I
TEAD2,UHRF1
TEAD2,ZFP36L1
TEAD2,ZFP36L2
TEAD2,ZNF608
TEAD2,ZYX
TEAD2,INS
THRB,APC2
THRB,ASCL1
THRB,CBX5
THRB,CELF3
THRB,CRABP2
THRB,CTBP2
THRB,ESPL1
THRB,EZH2
THRB,FOS
THRB,HES1
THRB,HIPK2
THRB,HMGB2
THRB,HNRNPAB
THRB,HNRNPD
THRB,ILF3
THRB,LCORL
THRB,MXD4
THRB,MYOCD
THRB,NEUROG3
THRB,NFATC2
THRB,NR2F2
THRB,NR6A1
THRB,ONECUT2
THRB,PCNA
THRB,PTTG1
THRB,RARA
THRB,RBPJ
THRB,RGS7
THRB,RPL7
THRB,SALL4
THRB,SMARCA1
THRB,SMARCA2
THRB,SNRPB
THRB,SRSF5
THRB,TCF3
THRB,TSC22D1
THRB,UBE2I
THRB,UHRF1
THRB,YAP1
YAP1,AFF3
YAP1,ARNT2
YAP1,BACH2
YAP1,BMP7
YAP1,BTBD11
YAP1,BTG1
YAP1,CBFA2T3
YAP1,CHD7
YAP1,CSDE1
YAP1,CTBP2
YAP1,DAB2
YAP1,DACH1
YAP1,DDX5
YAP1,DSP
YAP1,EEF1A1
YAP1,ELL2
YAP1,EPAS1
YAP1,FOXA1
YAP1,FOXO1
YAP1,FOXQ1
YAP1,FUS
YAP1,GADD45A
YAP1,GATA4
YAP1,GLI3
YAP1,GTF2I
YAP1,H1FX
YAP1,HES1
YAP1,HMGA2
YAP1,HNRNPD
YAP1,ID2
YAP1,ID4
YAP1,IRX2
YAP1,JARID2
YAP1,JUP
YAP1,LDB2
YAP1,LMX1B
YAP1,MBNL2
YAP1,MEIS1
YAP1,MYCN
YAP1,MYOCD
YAP1,NFE2L3
YAP1,NPAS3
YAP1,NR2F2
YAP1,ONECUT3
YAP1,PHF21B
YAP1,PLXNA2
YAP1,PLXNC1
YAP1,PROX1
YAP1,PTMA
YAP1,RBPMS
YAP1,RFX3
YAP1,RGS9
YAP1,ROR1
YAP1,RPS3
YAP1,SALL1
YAP1,SIX2
YAP1,SMARCA2
YAP1,SMYD3
YAP1,SND1
YAP1,SNRPB
YAP1,SOX4
YAP1,SOX9
YAP1,SSBP2
YAP1,SSBP3
YAP1,TBX3
YAP1,TCF3
YAP1,TCF7L2
YAP1,TOX
YAP1,TSHZ1
YAP1,YBX1
YAP1,ZFP36L1
